{"loss": [0.0011030323659008243, 0.0023005563732998407, 0.0040874854216132305, 0.00027951139003507843, 0.004128560249341655, 0.00023217617265255738, 0.0023728637075118436, 0.003738804673143891, 0.003679896576662986, 0.0014282385758405325, 0.0018600587325540827, 0.003277808969078126, 0.0013647403610430378, 0.0002787169521503284, 0.00023938129862164276, 0.003906122543908225, 0.0002728910164336231, 0.0036710075052015347, 0.0036105379248449814, 0.0015579019494685019, 0.003969385078885761, 0.003204993104151625, 0.004252582558355289, 0.0013715416696078826, 0.0009242564140005364, 0.0012799210990712723, 0.0032142279420928257, 0.0022639896587427866, 0.0005867074174419292, 0.001117846657134868, 0.0033338420286921555, 0.004199162789686125], "mse_pairwise": [0.0005696373991668224, 0.0, 0.0, 0.00016864134522620589, 0.0, 0.00010387226939201355, 0.0, 0.0, 0.0, 0.0003147417737636715, 0.0, 0.0, 0.0005336067406460643, 0.00018439596169628203, 0.00014230103988666087, 0.0, 0.00018674242892302573, 0.0, 0.0, 0.0005277799209579825, 0.0, 0.0, 0.0, 0.0008247997029684484, 0.0004505741526372731, 0.00043182153603993356, 0.0016509864944964647, 0.00047171651385724545, 0.0003439532301854342, 0.0007551053422503173, 0.0, 0.0], "_timestamp": 1697090993.1860812, "_runtime": 971.944283246994, "_step": 1017}