{"loss": [0.0018673016355253169, 0.0006284317492196508, 0.0016468560185126065, 0.0010255824113391105, 0.0010362740752559623, 0.0004954121062891106, 0.003965007565072818, 0.005507965722384994, 0.0006381804174527693, 0.0011011584797862785, 0.0009598972145635125, 0.0016268722052051755, 9.77709090587585e-05, 0.0006902781654359304, 0.0005552529040760337, 0.0030376545935284992, 0.000556366193355608, 0.0006548264745624586, 0.0007147155281208287, 0.0008546552274351908, 0.004644604795893998, 0.000681126617255959, 0.0006017677785433789, 0.0018244529921756767, 0.00029771415970050925, 0.002699914533992829, 0.004277326504645129, 0.00026711468982289617, 0.0005083227159523245, 0.000739876100348795, 0.0003386554860904163, 0.0031084422304029895], "mse_pairwise": [0.0, 0.00028710809419862926, 0.0, 0.00034945455263368785, 0.0, 0.00033415507641620934, 0.0, 0.0, 0.0, 0.0, 0.0001959090295713395, 0.0, 5.085410884930752e-05, 0.00024850384215824306, 0.0003253838513046503, 0.0, 0.0002536318788770586, 0.00019739900017157197, 0.0, 0.00018990584067068994, 0.0, 0.0003216238401364535, 0.00015577157319057733, 0.0, 0.00012414144293870777, 0.0, 0.0, 0.00016392873658332974, 0.0001768252404872328, 0.0004082392551936209, 0.00014096478116698563, 0.0], "_timestamp": 1697092151.4128006, "_runtime": 1096.037507534027, "_step": 27897, "finalloss": 0.0014890555687814223}